{
  "name": "core-component-page",
  "private": true,
  "dependencies": {
    "webcomponentsjs": "Polymer/webcomponentsjs#^0.5",
    "polymer": "Polymer/polymer#^0.5"
  },
  "version": "0.5.4",
  "homepage": "https://github.com/Polymer/core-component-page",
  "_release": "0.5.4",
  "_resolution": {
    "type": "version",
    "tag": "0.5.4",
    "commit": "a69d738a104271b497f50c2dfc449ec54d3e01b5"
  },
  "_source": "git://github.com/Polymer/core-component-page.git",
  "_target": "^0.5",
  "_originalSource": "Polymer/core-component-page"
}