{
  "name": "core-iconset-svg",
  "private": true,
  "dependencies": {
    "polymer": "Polymer/polymer#^0.5",
    "core-iconset": "Polymer/core-iconset#^0.5"
  },
  "version": "0.5.4",
  "homepage": "https://github.com/Polymer/core-iconset-svg",
  "_release": "0.5.4",
  "_resolution": {
    "type": "version",
    "tag": "0.5.4",
    "commit": "5f0a16c3313caa2fd9dc6a1128fcaf6898d195b2"
  },
  "_source": "git://github.com/Polymer/core-iconset-svg.git",
  "_target": "^0.5",
  "_originalSource": "Polymer/core-iconset-svg"
}