{
  "name": "paper-icon-button",
  "private": true,
  "dependencies": {
    "polymer": "Polymer/polymer#^0.5",
    "paper-button": "Polymer/paper-button#^0.5",
    "core-icon": "Polymer/core-icon#^0.5",
    "core-icons": "Polymer/core-icons#^0.5",
    "paper-ripple": "Polymer/paper-ripple#^0.5"
  },
  "devDependencies": {
    "web-component-tester": "Polymer/web-component-tester#^1.1.4"
  },
  "version": "0.5.4",
  "homepage": "https://github.com/Polymer/paper-icon-button",
  "_release": "0.5.4",
  "_resolution": {
    "type": "version",
    "tag": "0.5.4",
    "commit": "73bd1d4db34a7747ce3d1c96286106f0f69caeff"
  },
  "_source": "git://github.com/Polymer/paper-icon-button.git",
  "_target": "^0.5",
  "_originalSource": "Polymer/paper-icon-button"
}